{
  "real": [
    34.59980310246255,
    -31.94433649506963,
    -12.794500456629923,
    3.1691308040672768,
    4.733065004165406,
    5.324296229072077,
    5.600099846098622,
    5.728846742686267,
    5.766993548757263,
    5.728846742686262,
    5.600099846098622,
    5.324296229072075,
    4.733065004165406,
    3.1691308040672777,
    -12.794500456629923,
    -31.944336495069635
  ],
  "imag": [
    0.0,
    -60.076037856639786,
    -51.01831791853097,
    -12.498426596775518,
    -7.529933785773025,
    -4.84472303458849,
    -2.951621218863938,
    -1.4060601394725651,
    0.0,
    1.4060601394725616,
    2.951621218863938,
    4.844723034588492,
    7.529933785773025,
    12.498426596775516,
    51.01831791853097,
    60.076037856639786
  ]
}