{
  "real": [
    -4.440892098500626e-16,
    6.377854267427372,
    10.734005547539438,
    11.974406703492061,
    10.390892261910851,
    7.422710124917389,
    4.853058979293355,
    3.862300589931161,
    4.430515679811004,
    5.397621206479473,
    5.145251957738447,
    2.539575183166008,
    -2.3631762768341975,
    -8.225016317511399,
    -13.007149823848987,
    -14.93304698104942
  ],
  "imag": [
    -4.440892098500626e-16,
    1.3322676295501878e-15,
    -3.1401849173675503e-16,
    7.581077015868176e-16,
    2.220446049250313e-16,
    -2.220446049250313e-16,
    0.0,
    -4.440892098500626e-16,
    4.440892098500626e-16,
    -4.440892098500626e-16,
    3.1401849173675503e-16,
    1.3007071811330758e-16,
    -2.220446049250313e-16,
    -6.661338147750939e-16,
    0.0,
    -4.440892098500626e-16
  ]
}