{
  "real_out": [
    1.88983135054943,
    2.0232904142411803,
    2.6559919686148796,
    13.370611079040785,
    -0.02096475669091097,
    1.4087974444168683,
    2.9929500902119215,
    9.87483017772292,
    -10.454483228220347,
    -3.6433838189680654,
    -2.276047165502807,
    -1.6910130580076375,
    -1.3682919591553606,
    -1.1653329252673847,
    -1.0270222921198644,
    -0.9275254816534697,
    -0.8531210452400987,
    -0.7958510974664963,
    -0.7507888790655632,
    -0.7147267674947968,
    -0.6854916012652341,
    -0.6615631611870985,
    -0.6418500207435002,
    -0.6255519949434301,
    -0.6120726188120091,
    -0.6009617504000246,
    -0.5918769773941857,
    -0.5845571442211398,
    -0.578803928333643,
    -0.5744689206873694,
    -0.5714445886237596,
    -0.5696580772834051,
    -0.5690671815513425,
    -0.569658077283405,
    -0.5714445886237596,
    -0.5744689206873694,
    -0.5788039283336428,
    -0.584557144221139,
    -0.5918769773941857,
    -0.6009617504000238,
    -0.6120726188120091,
    -0.6255519949434301,
    -0.6418500207435003,
    -0.6615631611870996,
    -0.6854916012652338,
    -0.7147267674947981,
    -0.750788879065563,
    -0.7958510974664958,
    -0.8531210452400987,
    -0.9275254816534695,
    -1.0270222921198644,
    -1.165332925267387,
    -1.3682919591553613,
    -1.6910130580076395,
    -2.276047165502807,
    -3.6433838189680654,
    -10.454483228220347,
    9.874830177722922,
    2.9929500902119215,
    1.4087974444168698,
    -0.020964756690911523,
    13.370611079040787,
    2.6559919686148796,
    2.0232904142411807
  ],
  "imag_out": [
    0.0,
    -0.8274923438769682,
    -2.510071046275313,
    -28.239623147154383,
    4.5978620962718635,
    2.3347263092315984,
    1.612192205056334,
    1.2440232194717038,
    1.0154376615316005,
    0.8569756506922149,
    0.7391059471734808,
    0.6470226886342447,
    0.5724286711495552,
    0.5102844631006204,
    0.45733681450260655,
    0.41138255666765045,
    0.3708708175833182,
    0.3346743806721403,
    0.30195146265947337,
    0.2720585603470709,
    0.2444934993044912,
    0.21885705442633174,
    0.19482637893664684,
    0.17213616112952346,
    0.1505649659872027,
    0.12992513099538194,
    0.11005514295558061,
    0.09081377232802712,
    0.07207546605529513,
    0.05372664655480541,
    0.03566266188182188,
    0.01778519707982007,
    0.0,
    -0.01778519707982007,
    -0.0356626618818221,
    -0.05372664655480719,
    -0.07207546605529469,
    -0.09081377232802645,
    -0.11005514295558061,
    -0.12992513099538205,
    -0.1505649659872027,
    -0.172136161129523,
    -0.19482637893664678,
    -0.21885705442633235,
    -0.2444934993044911,
    -0.2720585603470703,
    -0.30195146265947337,
    -0.3346743806721403,
    -0.3708708175833182,
    -0.4113825566676502,
    -0.4573368145026063,
    -0.5102844631006209,
    -0.5724286711495552,
    -0.6470226886342441,
    -0.7391059471734807,
    -0.8569756506922156,
    -1.0154376615316005,
    -1.244023219471704,
    -1.612192205056334,
    -2.334726309231599,
    -4.597862096271864,
    28.239623147154383,
    2.5100710462753124,
    0.8274923438769685
  ]
}