{
  "real_in": [
    0.0,
    0.6377854267427372,
    1.0734005547539438,
    1.197440670349206,
    1.0390892261910851,
    0.7422710124917388,
    0.48530589792933554,
    0.38623005899311613,
    0.4430515679811003,
    0.5397621206479475,
    0.5145251957738447,
    0.25395751831660107,
    -0.23631762768341968,
    -0.8225016317511398,
    -1.3007149823848987,
    -1.4933046981049423,
    -1.3343386709965046,
    -0.9006039313591165,
    -0.3723439026552448,
    0.05597201644386268,
    0.2690043316959113,
    0.2803482332854938,
    0.21391296124160872,
    0.22760421681746312,
    0.41998149809271074,
    0.7693279407160748,
    1.1376218732259402,
    1.3380322880906577,
    1.2313437655565742,
    0.8013880359719365,
    0.17009266999209055,
    -0.4562728750219186,
    -0.8826834323650898,
    -1.0143071055672723,
    -0.8938621354144899,
    -0.6691268187986361,
    -0.5084028160035574,
    -0.5084747069124382,
    -0.6432040889993733,
    -0.779509357498752,
    -0.752224443510105,
    -0.45850049430579004,
    0.07798337198589061,
    0.7072879474080687,
    1.2189423376319162,
    1.4401955803629123,
    1.3168954607780292,
    0.93589668225186,
    0.4779162217092746,
    0.12546176003980064,
    -0.02661019014638072,
    -0.012044500925473697,
    0.03480493660653544,
    -0.039574056081197906,
    -0.31624821433230643,
    -0.7506689249939454,
    -1.1865264428547388,
    -1.4303120172813475,
    -1.3485571589748178,
    -0.9376523698920656,
    -0.33000993242222,
    0.26702305723319464,
    0.6685542520963994,
    0.7963181883817508
  ],
  "imag_in": [
    0.0,
    0.0,
    0.0,
    0.0,
    0.0,
    0.0,
    0.0,
    0.0,
    0.0,
    0.0,
    0.0,
    0.0,
    0.0,
    0.0,
    0.0,
    0.0,
    0.0,
    0.0,
    0.0,
    0.0,
    0.0,
    0.0,
    0.0,
    0.0,
    0.0,
    0.0,
    0.0,
    0.0,
    0.0,
    0.0,
    0.0,
    0.0,
    0.0,
    0.0,
    0.0,
    0.0,
    0.0,
    0.0,
    0.0,
    0.0,
    0.0,
    0.0,
    0.0,
    0.0,
    0.0,
    0.0,
    0.0,
    0.0,
    0.0,
    0.0,
    0.0,
    0.0,
    0.0,
    0.0,
    0.0,
    0.0,
    0.0,
    0.0,
    0.0,
    0.0,
    0.0,
    0.0,
    0.0,
    0.0
  ]
}